doc_id;datetime;text;media;alt_text;likes;reposts;replies;username;handle;user_description;user_image;user_followers;commented_post;sponsored;target;condition;sequence
1;04.10.2026 12:15;New Year, New Challenge sound a bit like you? 💼✨<br><br>Calling out to my London network to join me and the amazing team at Deloitte UK.<br><br>The role is based in our London office and supports our people and clients in delivering impactful consulting projects across industries — helping organisations navigate change and drive meaningful results.<br><br>If you have any questions about the role or what it’s like to work here, please don’t hesitate to reach out.<br><br>A great opportunity to work with incredible people, tackle real-world problems, and start the year with something new and exciting. 🚀;https://raw.githubusercontent.com/khalidhamdaoui/imagessocialmediaexp/khalidhamdaoui-patch-1/OK%20post1.jpg;;56;1;3;ameliabrooks;ameliabrooks;Senior Consultant at Deloitte | Strategy & Transformation;https://raw.githubusercontent.com/khalidhamdaoui/imagessocialmediaexp/main/Amelia.jpg;2847;1;0;;A;1
2;01.10.2026 08:14;A bit late, but here comes another “I’m happy to announce” post — because I got promoted! 🎉<br><br>I’ve officially stepped into a new role as Senior Consultant at Deloitte — a meaningful step in my journey to become a more strategic partner to clients and help teams deliver lasting impact (with collaboration and curiosity at the core).<br><br>These past few months have been some of the most challenging — and most rewarding — of my career. I’ve learned a lot, grown more than I expected, and I’m incredibly grateful for the mentors, colleagues, and friends who’ve supported me along the way.<br><br>Feeling proud, grateful, and a little more confident that growth often starts where comfort ends.<br><br>Here’s to the next chapter — and to growing through what you go through! ✨;https://raw.githubusercontent.com/khalidhamdaoui/imagessocialmediaexp/khalidhamdaoui-patch-1/OKpost2.jpg;;38;0;11;ameliabrooks;ameliabrooks;Senior Consultant at Deloitte | Strategy & Transformation;https://raw.githubusercontent.com/khalidhamdaoui/imagessocialmediaexp/main/Amelia.jpg;2847;0;0;;A;4
3;06.10.2026 09:17;A surprising number of millionaires still work regular 9-to-5 jobs — about 46% receive a normal salary.<br><br>And here’s the interesting part: nearly 80% are self-made, not inheritors of wealth. Many didn’t even have high salaries — around one-third never earned six figures in any single year.<br><br>So how did they do it?<br><br>Through steady investing — in stocks, property, and other assets — and by building multiple income streams over time.<br><br>But the real secret isn’t flashy. It’s discipline: living below their means, saving consistently, avoiding unnecessary debt, and sticking to a long-term plan.<br><br>Wealth, it turns out, is often built quietly — one smart decision at a time. 💭<br><br>#Finance #Leadership #CareerGrowth #WealthMindset;https://raw.githubusercontent.com/khalidhamdaoui/imagessocialmediaexp/khalidhamdaoui-patch-1/OKpost3.jpg;;44;2;2;ameliabrooks;ameliabrooks;Senior Consultant at Deloitte | Strategy & Transformation;https://raw.githubusercontent.com/khalidhamdaoui/imagessocialmediaexp/main/Amelia.jpg;2847;1;0;;A;22
4;04.10.2026 20:29;"Thoughts keeping job seekers up at 2am:<br><br><br>“I’ve changed my resume so much that I don’t know what ‘good’ looks like”<br>“How do I stand out when everyone is ‘results-driven’?”<br>“I’ve sent out 150 applications and barely hear back”<br>“Did I tailor my resume well? Wait what does that actually mean?"" <br><br>It’s easy to feel lost in this job market. I’ve been there.<br><br>Everybody talks about a tailored resume<br>But nobody talks about HOW to do it.<br><br>I use apps that take the guesswork out of your resume and lets you:<br><br>📄 Create and track your custom resumes in one place<br>✍🏾 Match keywords and write stronger achievement based bullet points <br>🧠 Start with a core resume and tweak it fast based on job descriptions<br>☺️ Save yourself hours of time and energy (and sleep through the night)";https://raw.githubusercontent.com/khalidhamdaoui/imagessocialmediaexp/khalidhamdaoui-patch-1/OKpost4.jpg;;16;1;10;jamespatel;jamespatel;Retail Leader | Store Manager at John Lewis;https://raw.githubusercontent.com/khalidhamdaoui/imagessocialmediaexp/main/Patel.jpg;4126;1;0;;A;34
5;04.10.2026 17:03;Excited to share that I’ve started a new chapter as Store Manager at John Lewis!<br><br>This comes at an exciting time as the company enters its next chapter — evolving how we serve customers while staying true to what makes John Lewis unique.<br><br>Grateful for the mentors and colleagues who’ve supported me along the way. Here’s to new challenges, continued growth, and leading a fantastic team through what’s ahead.<br><br>#RetailLeadership #CareerGrowth #TeamJohnLewis #NewBeginnings;https://raw.githubusercontent.com/khalidhamdaoui/imagessocialmediaexp/khalidhamdaoui-patch-1/OKpost5.jpg;;163;4;42;jamespatel;jamespatel;Retail Leader | Store Manager at John Lewis;https://raw.githubusercontent.com/khalidhamdaoui/imagessocialmediaexp/main/Patel.jpg;4126;1;0;;A;7
6;03.10.2026 16:54;The greatest retailers don’t just sell a product once — they create experiences customers come back for 1,000 times.<br><br>Everyone’s sharing this chart on LinkedIn about different ways to make your first million. And sure, it’s all true:<br><br>→ Get 5,000 people to spend $20/month<br>→ Get 2,000 people to spend $45/month<br>→ Get 1,000 people to spend $85/month<br><br>But here’s what many forget: getting 1,000 new customers is hard. Getting one customer to buy from you 1,000 times? That’s the real game.<br><br>In retail, loyalty isn’t just a number — it’s what builds lasting brands.<br><br>Anyone can drive a sale. The real success comes when customers keep coming back — because they want to.<br><br>#Retail #CustomerExperience #Leadership #JohnLewis;;;67;1;17;jamespatel;jamespatel;Retail Leader | Store Manager at John Lewis;https://raw.githubusercontent.com/khalidhamdaoui/imagessocialmediaexp/main/Patel.jpg;4126;1;0;;A;10
7;07.10.2026 18:46;8 leadership failures that can lead to employee turnover:<br><br>1. Toxic work culture: A work environment that's unhealthy, stressful, or hostile, often due to poor management or company values.<br><br>2. Micromanagement: Overly controlling or restrictive management style, stifling employee autonomy and creativity.<br><br>3. Poor leadership: Ineffective or weak leadership, lacking vision, direction, or inspiration.<br>4. Lack of growth opportunities: Limited chances for professional development, training, or advancement.<br><br>5. Inadequate compensation: Unfair or uncompetitive pay, benefits, or perks.<br><br>6. Work-life balance: Unrealistic expectations or lack of support for employees' personal and family needs.<br><br>7. No feedback or direction: Absence of regular feedback, coaching, or clear expectations.<br><br>8. Poor communication: Ineffective or infrequent communication, leading to confusion, mistrust, or feelings of isolation.<br><br>These leadership failures can drive talented employees away. By recognizing and addressing these issues, organizations can improve retention and create a more positive work environment.;https://raw.githubusercontent.com/khalidhamdaoui/imagessocialmediaexp/khalidhamdaoui-patch-1/OKpost7.jpg;;317;85;10;oliviaturner;oliviaturner;Business Graduate | Leadership & Personal Development;https://raw.githubusercontent.com/khalidhamdaoui/imagessocialmediaexp/main/Olivia%20turner%20-%20Copie.jpg;1936;1;0;;A;25
8;01.10.2026 15:18;Trying to decide which picture to share is what took me so long to hit “post,” but here we are.<br><br>From attending two different colleges, to working two jobs, completing programs, and then going back to school again while still working… we finally knocked this off.<br><br>Last weekend, I graduated from University of Greenwich 🎓;https://raw.githubusercontent.com/khalidhamdaoui/imagessocialmediaexp/khalidhamdaoui-patch-1/OKpost8.jpg;;66;2;25;oliviaturner;oliviaturner;Business Graduate | Leadership & Personal Development;https://raw.githubusercontent.com/khalidhamdaoui/imagessocialmediaexp/main/Olivia%20turner%20-%20Copie.jpg;1936;1;0;;A;37
9;02.10.2026 11:58;The Millionaire Mind by Thomas J. Stanley is a must-read.<br><br>Based on surveys and interviews with over 1,000 millionaires, it breaks the usual stereotype of what “success” looks like.<br><br>The most financially secure people aren’t always the smartest or most glamorous — many simply master the basics:<br><br>✅ Discipline<br>✅ Integrity<br>✅ Frugality<br>✅ Continuous learning<br><br>Interestingly, physical appearance wasn’t mentioned at all — but choosing the right partner was.<br><br>One quote that stuck with me:<br><br>“At the age of thirty you hit the lotto for $5 million, but will you still be a millionaire by sixty-five? It takes more than luck just to keep even.” — p.97;https://raw.githubusercontent.com/khalidhamdaoui/imagessocialmediaexp/khalidhamdaoui-patch-1/OKpost9.jpg;;17;0;3;oliviaturner;oliviaturner;Business Graduate | Leadership & Personal Development;https://raw.githubusercontent.com/khalidhamdaoui/imagessocialmediaexp/main/Olivia%20turner%20-%20Copie.jpg;1936;1;0;;A;13
10;02.10.2026 14:09;Last week, I — along with a brilliant group of researchers and associates — completed the Early Career Research Development Programme at The Francis Crick Institute! 🧬✨<br><br>Over the past few months, we’ve had the chance to:<br><br>- Work closely with senior scientists and mentors<br><br>- Join workshops on leadership and collaboration in science<br><br>- Contribute to cross-lab projects tackling real research challenges<br><br>Huge thanks to everyone who made this experience possible — and to my peers for their support and curiosity throughout.<br><br>Excited to keep learning, growing, and contributing to the Crick community!;https://raw.githubusercontent.com/khalidhamdaoui/imagessocialmediaexp/khalidhamdaoui-patch-1/OKpost10.jpg;;26;1;3;connoroneill;connoroneill;Biomedical Researcher | The Francis Crick Institute;https://raw.githubusercontent.com/khalidhamdaoui/imagessocialmediaexp/main/Connor%20oneill.jpg;2514;1;0;;A;16
11;06.10.2026 11:44;What does progress look like?<br><br>A few years ago, progress for me meant finally getting reproducible results in the lab — or figuring out how to make sense of messy data after weeks of trial and error.<br><br>Some days, progress still just means keeping curiosity alive when experiments fail.<br><br>But lately, progress has taken on a new meaning too — life chapters that go beyond the lab:<br><br>📍 Moving into my first apartment in London.<br>📍 Starting at The Francis Crick Institute and working alongside researchers I’ve looked up to for years.<br>📍 And just last month, getting the keys to my first home — one that already feels like the start of a new chapter.<br><br>Whatever progress looks like for you — whether it’s personal, professional, or just one small step forward — be proud of it.;https://raw.githubusercontent.com/khalidhamdaoui/imagessocialmediaexp/khalidhamdaoui-patch-1/OKpost11.jpg;;35;0;6;connoroneill;connoroneill;Biomedical Researcher | The Francis Crick Institute;https://raw.githubusercontent.com/khalidhamdaoui/imagessocialmediaexp/main/Connor%20oneill.jpg;2514;1;0;;A;28
12;06.10.2026 16:59;Excited to announce the launch of the new Lab in Manchester! 🚀 <br>I had the privilege to highly contribute to this innovative concept that combines digitalization, efficiency, and sustainability. Huge thanks 👏 to the entire team for making this milestone possible! #Innovation #Lab #Teamwork ❤️ ;https://raw.githubusercontent.com/khalidhamdaoui/imagessocialmediaexp/khalidhamdaoui-patch-1/OKpost12.jpg;;56;1;2;connoroneill;connoroneill;Biomedical Researcher | The Francis Crick Institute;https://raw.githubusercontent.com/khalidhamdaoui/imagessocialmediaexp/main/Connor%20oneill.jpg;2514;1;0;;A;40
13;05.10.2026 15:36;Dear hashtag#FutureMe, Don’t Try to Be Someone Else<br><br>My father taught me my life’s earliest lessons – that is to be observant of the people around me and look beyond the obvious to understand them better. <br><br>As a registered nurse, I was trained to look for discomfort and symptoms of patients. These traits to empathize and connect with others have never left me.<br><br>Fast forward to today, I have learned to sit with the uncomfortable and the messy parts of myself. I try and embrace who I am and don’t try to be someone else! <br><br>In fact, I had the opportunity a few weeks ago to reflect on my own journey so far and I realize that we all have been on very different journeys that have shaped us to be who we are today. <br><br>It may feel uncomfortable but the more we bring our full versions of ourselves to work, the more successful we will be. <br><br>Your career is your own, believe in yourself and go for it!;https://raw.githubusercontent.com/khalidhamdaoui/imagessocialmediaexp/khalidhamdaoui-patch-1/OKpost13.jpg;;458;0;22;hannahokafor;hannahokafor;Registered Nurse | Healthcare & Wellbeing;https://raw.githubusercontent.com/khalidhamdaoui/imagessocialmediaexp/main/Hannah.jpg;1010;1;0;;A;19
14;02.10.2026 22:13;If you ever doubt your impact as a nurse, read this.🌿<br><br>Every Monday, I remind myself of one thing:<br>Nursing is more than tasks — it’s impact.<br><br>You may not always see it, but every shift you work changes someone’s story.<br><br>💛 The patient who felt safe because you listened<br>💉 The procedure you prepared that prevented complications<br>🤝 The calm you brought into a tense moment<br><br>Nursing is a blend of skill, compassion, and purpose — and that purpose is what keeps us going, even on the toughest days.<br><br>As we start a new week, here’s your reminder:<br>Your work matters.<br>Your presence matters.<br>You are making a difference — even when it feels small.;https://raw.githubusercontent.com/khalidhamdaoui/imagessocialmediaexp/khalidhamdaoui-patch-1/OKpost14.jpg;;18;0;31;hannahokafor;hannahokafor;Registered Nurse | Healthcare & Wellbeing;https://raw.githubusercontent.com/khalidhamdaoui/imagessocialmediaexp/main/Hannah.jpg;1010;1;0;;A;2
15;07.10.2026 08:26;🎉 We just hit 1,000 followers!<br><br>And honestly… this one feels personal.<br><br>Three months ago, I returned to LinkedIn after my account had been restricted three different times. <br><br>I kept wondering if this platform was even meant for me, if my voice had a place here.<br><br>But you proved me wrong.<br>Every like, every comment, every repost, every DM, every new connection… it reminded me that community still matters. <br><br>That people still show up for people. And that there’s space here for all of us.;https://raw.githubusercontent.com/khalidhamdaoui/imagessocialmediaexp/khalidhamdaoui-patch-1/OKpost15.jpg;;173;8;264;hannahokafor;hannahokafor;Registered Nurse | Healthcare & Wellbeing;https://raw.githubusercontent.com/khalidhamdaoui/imagessocialmediaexp/main/Hannah.jpg;1010;1;0;;A;31
16;05.10.2026 21:11;Most people stay in “good enough” jobs for years.<br><br>I used to be one of them — comfortable, steady, but craving something more.<br><br>So, I took a leap into a new role that pushed me far outside my comfort zone. And it’s been one of the best decisions I’ve made.<br><br>Starting over isn’t easy, but it gives you perspective, resilience, and a new sense of purpose.<br><br>Change can be uncomfortable — but it’s also where growth happens.<br><br>Your next chapter might just be the one that reminds you why you started. 🙏<br><br>#Leadership #CareerGrowth #Manufacturing #JaguarLandRover;https://raw.githubusercontent.com/khalidhamdaoui/imagessocialmediaexp/khalidhamdaoui-patch-1/post16.jpg;;1026;64;291;lewismcallister;lewismcallister;Operations & Strategy | Leadership & Growth;https://raw.githubusercontent.com/khalidhamdaoui/imagessocialmediaexp/main/Lewis%20mac.jpg;5764;1;0;;A;43
17;07.10.2026 10:53;Success isn’t accidental - it’s planned, refined, and executed 👊🏼<br>A fantastic strategy session in London this morning with our amazing advisor, Sarah.<br><br>We spent the morning discussing our business goals and putting together a clear, actionable plan that their recruitment team can support with.;https://raw.githubusercontent.com/khalidhamdaoui/imagessocialmediaexp/khalidhamdaoui-patch-1/OKpost17.jpg;;11;1;4;lewismcallister;lewismcallister;Operations & Strategy | Leadership & Growth;https://raw.githubusercontent.com/khalidhamdaoui/imagessocialmediaexp/main/Lewis%20mac.jpg;5764;1;0;;A;5
18;05.10.2026 18:24;"Every ""failure"" is fertilizer for your next success. 🌱<br>Here's what separates average founders from exceptional ones. ⬇️<br><br>They don't see outcomes as binary.<br><br>Success or failure. <br>Victory or defeat.<br><br>The most resilient entrepreneurs have mastered <br>extracting value from every experience.";https://raw.githubusercontent.com/khalidhamdaoui/imagessocialmediaexp/khalidhamdaoui-patch-1/OKpost18.jpg;;43;0;57;lewismcallister;lewismcallister;Operations & Strategy | Leadership & Growth;https://raw.githubusercontent.com/khalidhamdaoui/imagessocialmediaexp/main/Lewis%20mac.jpg;5764;1;0;;A;8
19;05.10.2026 22:47;Some achievements aren’t just numbers — they’re proof of every silent hour of #hardwork.<br>Honoured to receive the #InnovatorOfTheYear Award for driving strong growth across our social media and YouTube channels.<br><br>From 5× viewership growth, 170K+ new YouTube views, 2.5× more watch time, and 1.1M+ impressions — these numbers tell the story louder than I ever could.;https://raw.githubusercontent.com/khalidhamdaoui/imagessocialmediaexp/khalidhamdaoui-patch-1/OKpost19.png;;50;0;11;priyashah;priyashah;Communications Officer at GSK | Digital Marketing;https://raw.githubusercontent.com/khalidhamdaoui/imagessocialmediaexp/main/Priyah.jpg;2981;1;0;;A;23
20;03.10.2026 08:35;🎉Almost four months into my role as a Communications officer at GSK, and the personal and professional growth has been inspiring.<br><br>The first few month in my new role as a Communications officer have flown by, and I couldn't be more happy! 🚀<br><br>This period has been a time of learning and achievements, reinforcing that growth at GSK never stops. The collaboration with my team has been incredibly rewarding and truly enjoyable. <br><br>My key takeaways from these first months?<br><br>🎯 Strategy meets Creativity: It's wonderful to experience how strategy and creative innovation go hand-in-hand.<br><br>🤝 Teamwork is everything: Collaborating with so many different departments to achieve our goals is incredibly inspiring.<br><br>🌱 Learning, learning, learning: Every day brings new insights and opportunities for growth – and I absolutely love it!<br><br>I'm excited to continue this path of learning and professional development, shaping the future of talent at GSK with my team. <br><br>What's a recent professional achievement you're particularly proud of? Share below! 👇;;;85;0;5;priyashah;priyashah;Communications Officer at GSK | Digital Marketing;https://raw.githubusercontent.com/khalidhamdaoui/imagessocialmediaexp/main/Priyah.jpg;2981;1;0;;A;35
21;03.10.2026 19:18;Delighted to be part of a company recognized as one of the World’s Best Workplaces™ - made real by our amazing people every day. ❤️;https://raw.githubusercontent.com/khalidhamdaoui/imagessocialmediaexp/khalidhamdaoui-patch-1/OKpost21.png;;73;0;3;priyashah;priyashah;Communications Officer at GSK | Digital Marketing;https://raw.githubusercontent.com/khalidhamdaoui/imagessocialmediaexp/main/Priyah.jpg;2981;1;0;;A;11
22;04.10.2026 07:31;I’m thrilled that former students and postdocs of mine won both of this year’s NeurIPS Test of Time Paper Awards. This award recognizes papers published 10 years ago that have significantly shaped the research field. The recipients included Ian Goodfellow (who, as an undergraduate, built my first GPU server for deep learning in his dorm room) and his collaborators for their work on generative adversarial networks, and my former postdoc Ilya Sutskever and PhD student Quoc Le (with Oriol Vinyals) for their work on sequence-to-sequence learning. Congratulations to all these winners!<br><br>By nature, I tend to focus on the future rather than the past. Steve Jobs famously declined to build a corporate museum, instead donating Apple's archives to Stanford University, because he wanted to keep the company forward-looking. Jeff Bezos encourages teams to approach every day as if it were “Day 1,” a mindset that emphasizes staying in the early, innovative stage of a company or industry. These philosophies resonate with me.<br><br>But taking a brief look at the past can help us reflect on lessons for the future. One takeaway from looking at what worked 10 to 15 years ago is that many of the teams I led bet heavily on scaling to drive AI progress — a bet that laid a foundation to build larger and larger AI systems. At the time, the idea of scaling up neural networks was controversial, and I was on the fringe. I recall distinctly that, around 2008, Yoshua Bengio advised me not to bet on scaling and to focus on inventing algorithms instead!<br><br>A lesson I carry from that time is to not worry about what others think, but follow your convictions, especially if you have data to support your beliefs. Small-scale experiments performed by my Stanford group convinced me that scaling up neural networks would drive significant progress, and that’s why I was willing to ignore the skeptics. The diagram below, generated by Adam Coates and Honglak Lee, is the one that most firmed up my beliefs at that time. It shows that, for a range of models, the larger we scaled them, the better they perform. I remember presenting it at CIFAR 2010, and if I had to pick a single reason why I pushed through to start Google Brain and set as the team’s #1 goal to scale up deep learning algorithms, it is this diagram!<br><br>I also remember presenting at NeurIPS in 2008 our work on using GPUs to scale up training neural networks. (By the way, one measure of success in academia is when your work becomes sufficiently widely accepted that no one cites it anymore. I’m quite pleased the idea that GPUs should be used for AI — which was controversial back then — is now such a widely accepted “fact” that no one bothers to cite early papers that pushed for it.😃);https://raw.githubusercontent.com/khalidhamdaoui/imagessocialmediaexp/khalidhamdaoui-patch-1/post22.jpg;;4673;137;133;andrewyng;andrewyng;Managing General Partner at AI Fund | Founder of DeepLearning.AI;https://raw.githubusercontent.com/khalidhamdaoui/imagessocialmediaexp/main/andrewng_1-7.webp;3000000;1;0;;A;14
23;02.10.2026 17:26;In addition to being a great investor;;;3059;68;127;andrewyng;andrewyng;Managing General Partner at AI Fund | Founder of DeepLearning.AI;https://raw.githubusercontent.com/khalidhamdaoui/imagessocialmediaexp/main/andrewng_1-7.webp;3000000;1;0;;A;26
24;03.10.2026 13:27;Hanging out with Project Jupyter co-founder Brian Granger. If not for him and Fernando Pérez;https://raw.githubusercontent.com/khalidhamdaoui/imagessocialmediaexp/khalidhamdaoui-patch-1/post24.jpg;;7065;64;178;andrewyng;andrewyng;Managing General Partner at AI Fund | Founder of DeepLearning.AI;https://raw.githubusercontent.com/khalidhamdaoui/imagessocialmediaexp/main/andrewng_1-7.webp;3000000;1;0;;A;38
25;06.10.2026 19:37;"I don't do this often.<br><br>But I had to share…<br><br>Got this email from a client this morning.<br><br>This is WHY I built Fame.<br><br><br>When clients tell us we're ""outstanding, accommodative, patient, and brilliant at what we do""?<br><br>That's not me.<br><br>That's the team.<br><br><br>Repeat after me: retention is the foundation of growth.";https://raw.githubusercontent.com/khalidhamdaoui/imagessocialmediaexp/khalidhamdaoui-patch-1/post25.jpg;;160;2;91;tomhunt;tomhunt;Founder & CEO of Fame;https://raw.githubusercontent.com/khalidhamdaoui/imagessocialmediaexp/main/tom-hunt-e01c4c1b.jpeg;224000;1;0;;A;17
26;02.10.2026 20:41;"We hired a project manager for $7 per hour in 2022.<br><br>Now he's earning $40K a year.<br><br>That's higher than 98% of earners in the Philippines.<br><br><br>We made him a deal:<br><br>""Where you are right now limits what we can pay you because you don't generate enough value. But the more problems you can solve for us, the more we can pay you.""<br><br>E.g. we hired him for what he could become, not what he was.<br><br><br>He got a payrise in year 2, then in year 3, he takes on another role.<br><br>Now he's:<br><br>- Project manager<br>- Video editor<br><br>Maybe more in the future.<br><br><br>The best hires have the right attitude toward growth.<br><br>Skill gaps close with time and effort.<br><br>Character gaps rarely close.";https://raw.githubusercontent.com/khalidhamdaoui/imagessocialmediaexp/khalidhamdaoui-patch-1/post26.jpg;;211;1;94;tomhunt;tomhunt;Founder & CEO of Fame;https://raw.githubusercontent.com/khalidhamdaoui/imagessocialmediaexp/main/tom-hunt-e01c4c1b.jpeg;224000;1;0;;A;20
27;07.10.2026 21:32;Our business goal: hit $4m in 2025. We're at $3.3m.<br><br>Here's the monthly revenue breakdown:<br><br>Jan: $335k<br>Feb: $306k<br>Mar: $310k<br>Apr: $320k<br>May: $307k<br>Jun: $334k<br>Jul: $312k<br>Aug: $327k<br>Sept: $367k<br>Oct: $377k<br><br>We:<br><br>- Have raised $0<br>- Are 100% remote <br>- Don't have a CRM<br>- Only hire for entry level roles<br><br><br>I love Fame because we only do one thing:<br><br>Start and grow podcasts for B2B brands.<br><br>What else would you like to know?;https://raw.githubusercontent.com/khalidhamdaoui/imagessocialmediaexp/khalidhamdaoui-patch-1/post27.jpg;;103;2;89;tomhunt;tomhunt;Founder & CEO of Fame;https://raw.githubusercontent.com/khalidhamdaoui/imagessocialmediaexp/main/tom-hunt-e01c4c1b.jpeg;224000;1;0;;A;29
28;02.10.2026 09:22;"6 Big Life Lessons I wish I'd learnt sooner:<br><br>1. If you’re set on being a people pleaser, don’t forget *you* count as one of those people, too.<br><br>2. Annoyingly, they're right: exercise does make you feel better.<br><br>3. The way you speak to yourself matters. A lot. You don’t have to believe every thought that pops up.<br><br>4. ""Control what's in your power, let go of what isn't.""<br><br>5. Changing your mind isn't weak; it's a sign you're growing.<br><br>6. You can't always take responsibility for other people's feelings - that's their job!<br><br>What would you add? 👋";https://raw.githubusercontent.com/khalidhamdaoui/imagessocialmediaexp/khalidhamdaoui-patch-1/post28.jpg;;355;10;30;elliemiddleton;elliemiddleton;Autistic & ADHD creator, writer and consultant;https://raw.githubusercontent.com/khalidhamdaoui/imagessocialmediaexp/main/Ellie_Middleton2755-2.jpg;287000;1;0;;A;41
29;04.10.2026 09:56;Repeat after me:<br><br>People do their best work when they’re trusted to work their way 👏<br><br>So instead of rigid rules, try offering flexibility like:<br><br>- work from home options<br>- flexible hours (not everyone thrives 9-5)<br>- written *and* verbal instructions<br>- quiet hours or meeting-free days<br>- optional social events<br>- no-pressure camera policies on virtual calls<br>- outcome-focused goals (measure results, not hours)<br><br>Our energy, focus, and brains all work differently.<br><br>Flexibility isn’t a perk - it’s essential for people to do their best work ☺️<br><br>P.S. For more tips, grab The Ultimate Guide to The Working World (eGuide bundle);;;2408;184;52;elliemiddleton;elliemiddleton;Autistic & ADHD creator, writer and consultant;https://raw.githubusercontent.com/khalidhamdaoui/imagessocialmediaexp/main/Ellie_Middleton2755-2.jpg;287000;1;0;;A;3
30;03.10.2026 10:11;"I'm working 80% less than I was this time last year...<br><br>And earning exactly as much :)<br><br>Because I realised that 80% of the things that I felt like I ""should"" be doing to advance my career... weren't *actually* essential.<br><br>Attending events because I felt like I *should* show my face.<br>Doing press interviews because I felt like I *should* get more coverage.<br>Creating content every single day because I felt like I *should* stay relevant and battle with the algorithms for every sliver of attention I could get my hands on.<br><br>But here's what happened when I stopped doing those things 👇🏼<br><br>Things I lost: absolutely nothing.<br>Things I gained: absolutely everything.<br><br>More time.<br>More freedom.<br>More happiness.<br>More friends.<br>More hobbies.<br>More adventures.<br>More peace.<br>More health.<br>More LIFE.<br><br>(Oh... and even more work. Because the work that I *am* doing is a hell of a lot better now that I'm not within an inch of burnout.)<br><br>Life as a multi-hyphenate definitely isn't your average career, and I know I'm hugely hugely hugely (!!!) privileged to be able to have so much freedom in the way that I work...<br><br>But I'd bet there are plenty of things that allllllll of us are doing because we feel like we ""should"" that actually are doing little more than burning us out :)<br><br>Take this as your permission slip to log off at 5pm on the dot, switch off your phone over the weekend, cancel that networking event and decline that virtual coffee.<br><br>Because when you put life first, everything gets better.<br><br>Even your work :)";https://raw.githubusercontent.com/khalidhamdaoui/imagessocialmediaexp/khalidhamdaoui-patch-1/post30.jpg;;443;5;44;elliemiddleton;elliemiddleton;Autistic & ADHD creator, writer and consultant;https://raw.githubusercontent.com/khalidhamdaoui/imagessocialmediaexp/main/Ellie_Middleton2755-2.jpg;287000;1;0;;A;6
31;05.10.2026 12:51;When you’re building something new, it can be so easy to forget that everything we now see as the norm started as someone’s random idea.<br><br>In this week’s episode, I spoke to Olamide Olowe, the founder of Topicals, about what it means to create something groundbreaking when the odds are stacked against you and how persistence, even when the world isn’t exactly cheering you on, can turn struggle into real success.<br><br>It’s one of those conversations that leaves you both inspired and reflective on your own journey.;https://raw.githubusercontent.com/khalidhamdaoui/imagessocialmediaexp/khalidhamdaoui-patch-1/post31.jpg;;299;7;29;gracebeverley;gracebeverley;Founder & CEO of TALA and SHREDDY;https://raw.githubusercontent.com/khalidhamdaoui/imagessocialmediaexp/main/Grace_Beverley.jpg;249000;1;0;;A;32
32;02.10.2026 07:46;THANK YOU! THANK YOU! A MILLION TIMES THANK YOU!<br><br>When you open a second store in under six months there are moments of pause where you wonder if there may be no more hype to generate or buzz to feel. But upon opening in Westfield London this Saturday, our amazing community proved exactly the opposite. Longer queues, endless excitement, and running through receipt roll at world record speed (we think).<br><br>We were genuinely touched at how many of you came out to support us & we want to say for probably the hundredth time that none of this would be possible without each and every member of our community. Whether you’ve been with us since the very beginning or stumbled across us more recently and have fallen in love (DayFlex does have that effect), thank you.<br><br>We’re still riding the high and probably will be until we eventually forget about all the late nights, never-ending meetings, and logistical disasters, at which point we'll probably decide to do it all over again. Until then, please continue to come and visit us irl now at either our flagship Carnaby Street store or at our newest location (pinch us all) Westfield London!;https://raw.githubusercontent.com/khalidhamdaoui/imagessocialmediaexp/khalidhamdaoui-patch-1/post32.jpg;;1653;7;30;gracebeverley;gracebeverley;Founder & CEO of TALA and SHREDDY;https://raw.githubusercontent.com/khalidhamdaoui/imagessocialmediaexp/main/Grace_Beverley.jpg;249000;1;0;;A;44
33;01.10.2026 12:33;When you're in the thick of it and building something new, it's so easy to forget that every brand you admire started as one person backing an idea that felt uncertain!!<br><br>Jo Malone CBE really showed this when she came on the show.<br><br>Her path was full of moments that asked her to trust herself. She built two global brands from the ground up. She dealt with huge personal challenges along the way and later chose to start again on her own terms. <br><br>I think her story is such a great reminder to trust your direction, even when the path looks uneven and progress feels slow.;https://raw.githubusercontent.com/khalidhamdaoui/imagessocialmediaexp/khalidhamdaoui-patch-1/post33.jpg;;338;2;33;gracebeverley;gracebeverley;Founder & CEO of TALA and SHREDDY;https://raw.githubusercontent.com/khalidhamdaoui/imagessocialmediaexp/main/Grace_Beverley.jpg;249000;1;0;;A;9
34;01.10.2026 10:47;The Young Health Programme (YHP), one of our flagship health equity initiatives, was recently recognised with two prestigious awards: <br><br>🏆 Healthcare Businesswomen’s Association (HBA) ACE Award for driving global impact and purpose-driven employee engagement, accepted by our CFO, Aradhana Sarin.<br><br>🏆 Large Corporate Partnership of the Year Award from Third Sector for demonstrating the power of cross-sector partnership with Plan International UK. <br><br>YHP is powered by young leaders who educate peers, advocate for change and mobilise their communities in partnership with 60+ NGOs including UNICEF and Plan International, with support from more than 20,000 of our employee volunteers. ;https://raw.githubusercontent.com/khalidhamdaoui/imagessocialmediaexp/khalidhamdaoui-patch-1/post34.jpg;;103;8;2;astrazeneca;astrazeneca;Transforming healthcare through the power of science;https://raw.githubusercontent.com/khalidhamdaoui/imagessocialmediaexp/main/astrazeneca_logo.jpg;4018429;1;0;;A;12
35;05.10.2026 10:39;At hashtag#EXPO25, our experts demonstrated how robust global partnerships are accelerating the discovery of new medicines and ultimately delivering better patient outcomes. <br><br>Lessons from Japan’s approach to universal healthcare and leveraging groundbreaking technology for health continue to inform global action. And worldwide collaborations are propelling progress in oncology, chronic disease prevention, and personalised care—showcasing how innovative technology and dynamic teamwork can reshape healthcare for a healthier future. ;https://raw.githubusercontent.com/khalidhamdaoui/imagessocialmediaexp/khalidhamdaoui-patch-1/post35.jpg;;310;9;9;astrazeneca;astrazeneca;Transforming healthcare through the power of science;https://raw.githubusercontent.com/khalidhamdaoui/imagessocialmediaexp/main/astrazeneca_logo.jpg;4018429;1;0;;A;24
36;05.10.2026 08:08;We’re harnessing the power of genomics to enhance understanding of disease biology;https://raw.githubusercontent.com/khalidhamdaoui/imagessocialmediaexp/khalidhamdaoui-patch-1/post36.jpg;;235;10;11;astrazeneca;astrazeneca;Transforming healthcare through the power of science;https://raw.githubusercontent.com/khalidhamdaoui/imagessocialmediaexp/main/astrazeneca_logo.jpg;4018429;1;0;;A;36
37;07.10.2026 16:08;"“Every person we meet—on the street, in the supermarket, or at work—is on their own mental wellness journey. It’s important they know they’re not alone.” <br><br>For Sona, a People Operations Analyst at PepsiCo UK, this belief inspired a mental wellness content series, created with her colleague Andy, a Local Selling Leader, to spark open, honest conversations about wellbeing. <br><br>“We’re lucky to work for a company that truly encourages us to prioritize our health and wellbeing,"" Sona says. <br><br>At PepsiCo, we’re proud to nurture a culture where wellbeing comes first and where everyone can bring their whole selves to work. ";https://raw.githubusercontent.com/khalidhamdaoui/imagessocialmediaexp/khalidhamdaoui-patch-1/post37.jpg;;646;9;35;pepsico;pepsico;Creating more smiles with every sip and every bite;https://raw.githubusercontent.com/khalidhamdaoui/imagessocialmediaexp/main/PepsiCo-Symbol.png;10415821;1;0;;A;15
38;06.10.2026 07:52;At 21, Ruchelli joined PepsiCo Brazil as a marketing intern—hungry to learn, curious about the world, and dreaming of a global career working with the brands she admired. <br><br>That dream planted the seed for everything that came next. <br><br>After 12 years, a few bold leaps, and one life-changing health challenge, Ruchelli is now a Global Marketing Manager, leading digital innovation and culinary storytelling that keeps our brands fun, relevant, and part of people’s lives around the world. <br><br>Her secret ingredient? “Growth happens outside your comfort zone. Work hard, stay patient, and trust that great work eventually pays off.” <br><br>From São Paulo to Texas, her story shows that courage, resilience, and creativity can truly shape a career without borders. ;https://raw.githubusercontent.com/khalidhamdaoui/imagessocialmediaexp/khalidhamdaoui-patch-1/post38.jpg;;434;14;35;pepsico;pepsico;Creating more smiles with every sip and every bite;https://raw.githubusercontent.com/khalidhamdaoui/imagessocialmediaexp/main/PepsiCo-Symbol.png;10415821;1;0;;A;27
39;01.10.2026 21:07;We're honored to announce that PepsiCo has been ranked as the number one supplier by retailers for the 10th consecutive year on Kantar's hashtag#PoweRanking. This recognition is a tribute to our consumer-driven focus across all areas of our business;https://raw.githubusercontent.com/khalidhamdaoui/imagessocialmediaexp/khalidhamdaoui-patch-1/post39.jpg;;1202;134;45;pepsico;pepsico;Creating more smiles with every sip and every bite;https://raw.githubusercontent.com/khalidhamdaoui/imagessocialmediaexp/main/PepsiCo-Symbol.png;10415821;1;0;;A;39
40;03.10.2026 21:42;Have you ever shipped code for millions… as an intern? 👀<br><br>Matthew did at Booking.com.<br>From navigating a massive codebase to launching a live service, this internship was far from an average learning experience!📖 <br><br>📖 Read the full story and keep an eye on our internship openings dropping October 20th!;https://raw.githubusercontent.com/khalidhamdaoui/imagessocialmediaexp/khalidhamdaoui-patch-1/post40.jpg;;274;6;7;booking.com;booking.com;Making it easier for everyone to experience the world;https://raw.githubusercontent.com/khalidhamdaoui/imagessocialmediaexp/main/booking.jpg;1202200;1;0;;A;18
41;07.10.2026 13:14;🌍 Amsterdam, Shanghai, and Manchester have just welcomed 73 new joiners to our Early Careers Programmes!<br>We’re excited to watch our new colleagues learn 📚 and grow 🌱 over the duration of their programmes.<br>Welcome our new joiners in the comments below! 👇<br><br>Are you interested in learning more about our Early Careers programme? Check out our career site:;https://raw.githubusercontent.com/khalidhamdaoui/imagessocialmediaexp/khalidhamdaoui-patch-1/post41.jpg;;461;14;13;booking.com;booking.com;Making it easier for everyone to experience the world;https://raw.githubusercontent.com/khalidhamdaoui/imagessocialmediaexp/main/booking.jpg;1202200;1;0;;A;30
42;06.10.2026 22:05;What makes Booking.com feel different? Our people. The curious minds and brave ideas. The creativity that turns challenges into opportunities. Our hashtag#bookingcomteam isn’t just what sets us apart, it's what makes this place feel alive. Recently, we came together to celebrate the successes of our APAC region. 🎉<br><br>We didn’t just celebrate the wins. We shared stories, learned from each other, and felt the power of connection. Our Inclusion team reminded us how much stronger we are when we truly see and hear one another. 🤝Thank you to everyone for your work, and for showing up to celebrate with us.💙<br><br>Ready to make an impact? Join our team.<br>https://lnkd.in/dZvi3Gis;https://raw.githubusercontent.com/khalidhamdaoui/imagessocialmediaexp/khalidhamdaoui-patch-1/post42.jpg;;276;6;17;booking.com;booking.com;Making it easier for everyone to experience the world;https://raw.githubusercontent.com/khalidhamdaoui/imagessocialmediaexp/main/booking.jpg;1202200;1;0;;A;42
43;04.10.2026 14:48;At the Ormen Lange gas field in Norway;https://raw.githubusercontent.com/khalidhamdaoui/imagessocialmediaexp/khalidhamdaoui-patch-1/post43.jpg;;449;13;28;shell;shell;Powering progress together;https://raw.githubusercontent.com/khalidhamdaoui/imagessocialmediaexp/main/Shell-Logo.png;7914367;1;0;;A;21
44;01.10.2026 18:52;"In this issue: Shell delivers a strong set of results in the third quarter of 2025; our Rheinland refinery in Germany transforms; The Energy Podcast sets a course for the world of shipping; and the Gulf of America demonstrates excellence in production.";https://raw.githubusercontent.com/khalidhamdaoui/imagessocialmediaexp/khalidhamdaoui-patch-1/post44.png;;1108;21;91;shell;shell;Powering progress together;https://raw.githubusercontent.com/khalidhamdaoui/imagessocialmediaexp/main/Shell-Logo.png;7914367;1;0;;A;33
45;06.10.2026 14:23;An industry first. Shell’s immersion cooling fluids have been certified by major chip manufacturer Intel Corporation for use in data centres worldwide.<br> <br>Immersion cooling technology has the potential to transform the way that data centres are cooled and how much energy they use, helping to reduce energy use by up to 48% compared to traditional air cooling. The certification affirms the compatibility of our cooling fluids with 4th Gen and 5th Gen Intel Xeon processors.;https://raw.githubusercontent.com/khalidhamdaoui/imagessocialmediaexp/khalidhamdaoui-patch-1/post45.jpg;;840;53;47;shell;shell;Powering progress together;https://raw.githubusercontent.com/khalidhamdaoui/imagessocialmediaexp/main/Shell-Logo.png;7914367;1;0;;A;45
